word,size
friend,877
friends,623
went,239
happy,220
time,219
got,187
old,174
best,170
birthday,153
made,144
party,136
last,130
good,129
day,129
new,112
met,112
school,111
one,94
really,86
long,84
see,83
lot,81
great,79
work,79
going,77
seen,75
dinner,70
nice,69
lunch,69
yesterday,68
together,68
came,67
able,66
enjoyed,65
fun,64
get,60
night,59
mine,58
life,57
go,55
today,55
years,53
like,52
talked,51
people,49
told,49
play,47
days,47
game,47
visit,46
enjoy,43
trip,43
home,43
moment,43
year,42
weekend,42
back,42
conversation,42
coworker,42
much,42
week,41
played,41
found,40
two,40
past,38
college,38
hadnt,38
marriage,37
took,37
passed,37
movie,36
function,36
close,36
many,36
havent,35
us,35
surprise,35
gave,35
months,35
ago,34
finally,33
bought,33
always,33
another,32
feel,31
help,31
saw,31
meet,31
talk,31
food,31
group,31
meeting,30
attended,30
spent,30
month,29
helped,29
coworkers,29
talking,29
roommate,29
evening,29
getting,28
know,28
event,28
wedding,28
love,28
dont,27
watched,27
hang,26
received,26
house,26
video,25
spend,25
town,25
phone,24
invited,24
funny,24
hours,24
family,24
playing,24
first,24
neighbor,23
gift,23
also,23
felt,23
im,23
would,23
catch,22
favorite,22
ate,22
drinks,22
around,22
brought,22
done,22
seeing,22
coffee,22
annual,21
call,21
ran,21
book,21
memorable,21
make,21
couple,21
called,21
local,21
said,20
could,20
since,19
things,19
restaurant,19
well,19
office,19
plans,19
someone,19
celebrated,19
job,18
morning,18
failed,18
free,18
photos,18
even,18
notes,18
small,18
weeks,18
live,18
2,18
10th,18
shared,17
subject,17
hour,17
heard,17
scrap,17
big,17
place,17
bench,17
eat,17
screenshots,16
way,16
summer,16
sat,16
hanging,16
caring,16
deserve,16
class,16
visited,16
teared,16
chats,16
pizza,16
girl,16
come,16
asked,16
preparing,16
3,16
delicious,16
didnt,15
present,15
team,15
makes,15
online,15
colleagues,15
hung,15
vacation,15
thought,15
wonderful,14
park,14
feeling,14
better,14
left,14
games,14
recently,14
surprised,14
sent,14
watch,14
everyone,14
car,14
beach,14
eating,14
music,13
married,13
bar,13
city,13
started,13
happiness,13
stopped,13
celebrating,13
ground,13
little,13
company,13
something,13
show,13
almost,13
students,12
caught,12
baby,12
holiday,12
abroad,12
helping,12
several,12
lives,12
10,12
money,12
touch,12
making,11
decided,11
person,11
9and,11
10class,11
beautiful,11
different,11
dnt,11
abt,11
sitting,11
working,11
5,11
afternoon,11
spoke,11
coming,11
ay,11
away,11
breakfast,11
members,11
times,11
high,11
childhood,11
examsbt,11
catching,11
concert,11
letter,10
tour,10
three,10
memories,10
leaving,10
ive,10
chatted,10
never,10
card,10
pay,10
planned,10
every,10
unexpected,10
gifts,10
special,10
baseball,10
next,10
beer,10
chat,10
pleasant,10
take,10
meal,10
contact,10
movies,9
used,9
excited,9
cricket,9
amazing,9
roommates,9
drink,9
ai,9
right,9
donat,9
store,9
along,9
email,9
date,9
wife,9
tickets,9
thing,9
loved,9
visiting,9
celebration,9
watching,9
score,9
full,9
hospital,8
project,8
texted,8
unforgettable,8
lost,8
interesting,8
run,8
remember,8
care,8
former,8
internet,8
state,8
beers,8
goa,8
though,8
4,8
tonight,8
neighbors,8
experience,8
places,8
perfect,8
theater,8
match,8
happiest,8
jokes,8
movement,8
buy,8
ride,8
spoken,8
mucha,8
room,8
chance,8
half,8
daughter,8
set,8
needed,7
worked,7
april,7
saturday,7
celebrate,7
think,7
gone,7
pretty,7
share,7
shes,7
children,7
early,7
number,7
kind,7
9,7
give,7
boss,7
planning,7
knew,7
hiking,7
thank,7
moments,7
awesome,7
blast,7
cooked,7
wanted,7
shopping,7
sunday,7
enjoyable,7
others,7
soccer,7
id,7
text,7
career,7
stadium,7
woman,7
church,7
dog,7
taking,7
still,7
facebook,7
healthy,7
joy,7
offered,7
became,7
drank,7
unexpectedly,7
tomorrow,7
looking,7
bit,6
cafeteria,6
enjoying,6
cat,6
partner,6
hard,6
entire,6
showed,6
friendship,6
pictures,6
happened,6
exam,6
soon,6
dreams,6
club,6
laughed,6
degree,6
student,6
girlfriend,6
mate,6
attend,6
colleague,6
break,6
already,6
flowers,6
tennis,6
end,6
march,6
favourite,6
near,6
laugh,6
lady,6
accepted,6
earlier,6
matches,6
extremely,6
de,6
awhile,6
outside,6
bike,6
bad,6
plan,6
paid,6
ordered,6
kids,6
events,6
hand,6
exams,6
sweet,6
moved,6
reconnected,6
move,6
cute,6
dogs,6
band,6
everything,6
computer,6
cake,6
hear,5
world,5
birth,5
female,5
bunch,5
believe,5
mother,5
road,5
common,5
appreciated,5
hotel,5
thats,5
quality,5
n,5
say,5
walk,5
open,5
boy,5
travelling,5
later,5
checked,5
use,5
apartment,5
sitted,5
joined,5
stays,5
buddy,5
stuff,5
kid,5
business,5
football,5
missed,5
anything,5
may,5
elderly,5
without,5
pregnant,5
trying,5
puppy,5
booked,5
personal,5
usual,5
knowing,5
ice,5
difficult,5
cream,5
dearest,5
message,5
part,5
cheer,5
health,5
india,5
red,5
finding,5
pet,5
pool,5
accident,5
fast,5
wasnt,5
shop,5
second,5
want,5
saying,5
moving,5
ever,5
ended,5
ceremony,5
put,5
weather,5
drinking,5
quite,5
promotion,5
1,5
top,5
changed,5
hike,4
attending,4
stay,4
knows,4
classmates,4
important,4
nan,4
runs,4
bowl,4
california,4
side,4
discussing,4
gives,4
whenever,4
buddies,4
trivia,4
connected,4
randomly,4
chocolate,4
sit,4
boys,4
stranger,4
6,4
clean,4
look,4
let,4
thanked,4
cards,4
line,4
tv,4
hometown,4
discussed,4
goodbye,4
bowling,4
win,4
invitation,4
24,4
age,4
recent,4
picnic,4
joke,4
son,4
holidays,4
longtime,4
temple,4
threw,4
fly,4
upcoming,4
reunion,4
change,4
door,4
discussion,4
area,4
picture,4
15,4
festival,4
relax,4
board,4
prank,4
true,4
gre,4
cleared,4
insurance,4
discussions,4
proud,4
chicken,4
picked,4
large,4
parcel,4
carrier,4
treated,4
given,4
due,4
mayo,4
cinco,4
walking,4
wings,4
hangout,4
graduation,4
relative,4
sudi,4
fall,4
often,4
minutes,4
drove,4
across,4
hot,4
far,4
ones,4
wine,4
warm,4
setting,4
gaming,4
starbucks,4
purchased,4
receive,4
case,4
manager,4
especially,4
information,4
find,4
sick,4
alone,4
20,4
basketball,4
wants,4
flight,4
social,4
hasnt,3
childrenswe,3
workout,3
chatting,3
teammates,3
snackswe,3
returned,3
dress,3
air,3
conference,3
random,3
river,3
holding,3
marring,3
tell,3
thinking,3
hearing,3
name,3
graduated,3
easter,3
held,3
las,3
country,3
fb,3
gamesat,3
vegas,3
speak,3
longyi,3
semester,3
chen,3
cutei,3
theyll,3
tasty,3
enjoyment,3
bagels,3
passing,3
thoughts,3
bag,3
texts,3
pleased,3
states,3
season,3
trouble,3
wrong,3
okay,3
period,3
david,3
wrongso,3
unfortunately,3
impact,3
brother,3
although,3
cocktails,3
liked,3
telling,3
site,3
successfully,3
teased,3
known,3
introduced,3
lucky,3
yesterdayat,3
head,3
pub,3
cool,3
mind,3
buying,3
bell,3
goes,3
strangers,3
request,3
hockey,3
shoot,3
hes,3
happily,3
turn,3
based,3
miss,3
sea,3
four,3
wish,3
italian,3
europe,3
dropped,3
running,3
clothes,3
positive,3
start,3
problem,3
beyond,3
grab,3
reunited,3
neighborhood,3
join,3
listening,3
agreed,3
completed,3
happening,3
comfort,3
relatives,3
real,3
campus,3
stimulating,3
offsite,3
dressed,3
gettogether,3
comes,3
hell,3
stood,3
grocery,3
teachers,3
mu,3
become,3
woke,3
water,3
freind,3
cafe,3
words,3
worker,3
five,3
guy,3
relationship,3
village,3
teams,3
sushi,3
finished,3
surprisingly,3
league,3
borrow,3
looked,3
serious,3
late,3
warming,3
station,3
clients,3
mail,3
forward,3
hrs,3
zelda,3
starting,3
8,3
youre,3
taco,3
boyfriend,3
doesnt,3
interested,3
tournament,3
manner,3
art,3
mood,3
photo,3
foods,3
excellent,3
issues,3
participated,3
groomsmen,3
useful,3
discuss,3
cookie,3
yes,3
co,3
entertaining,3
actually,3
satisfaction,3
sales,3
kitchen,3
candy,3
news,3
leave,3
sweetest,3
invite,3
comedy,3
heaven,3
pick,3
injury,3
laughing,3
support,3
study,3
classmate,3
ziggy,3
taste,3
contacted,3
somewhat,3
congratulated,3
laughs,3
gap,3
tea,3
friendly,3
expensive,3
yard,2
honey,2
guardians,2
studying,2
grabbing,2
successful,2
face,2
build,2
experiences,2
mates,2
ok,2
eatery,2
promoted,2
administrative,2
nature,2
price,2
placed,2
golf,2
bachelor,2
nyc,2
assistants,2
forgot,2
fertility,2
learning,2
note,2
miami,2
ready,2
compliments,2
instead,2
heavily,2
previous,2
letters,2
relaxed,2
chocolates,2
homemade,2
sons,2
galaxy,2
ball,2
separate,2
works,2
outfit,2
doctor,2
variety,2
low,2
certain,2
explore,2
grateful,2
showing,2
potential,2
writing,2
husbands,2
breath,2
swimming,2
reply,2
financially,2
steak,2
fresh,2
mall,2
lovable,2
via,2
weve,2
tinder,2
surgery,2
medical,2
explored,2
emergency,2
bed,2
story,2
cuddling,2
treat,2
toxic,2
dark,2
encouraged,2
department,2
gossip,2
graduate,2
engaged,2
calling,2
york,2
workplace,2
seemed,2
motorcycle,2
managed,2
try,2
appointment,2
aside,2
perfectly,2
spending,2
taught,2
fees,2
graduating,2
washington,2
short,2
attendance,2
2017,2
simple,2
italy,2
cousin,2
included,2
goodies,2
reached,2
pizzas,2
september,2
bonded,2
waiting,2
basket,2
feet,2
delivery,2
fence,2
lots,2
within,2
knot,2
specialty,2
brain,2
ex,2
mothers,2
followed,2
st,2
child,2
mountain,2
texas,2
died,2
hilarious,2
extra,2
street,2
playstation,2
huge,2
friday,2
parents,2
traveled,2
famous,2
cracked,2
afterwards,2
employees,2
12,2
saving,2
sunny,2
gesture,2
rides,2
cares,2
bills,2
silly,2
struggling,2
closest,2
reunite,2
groomsman,2
weekly,2
cinema,2
dating,2
rekindled,2
pedicure,2
despite,2
participate,2
cookies,2
taken,2
remembered,2
thursday,2
exciting,2
pack,2
dance,2
unique,2
situation,2
doctors,2
pointed,2
impression,2
claim,2
intelligent,2
similar,2
hug,2
que,2
restaurants,2
suddenly,2
classroom,2
save,2
glad,2
previously,2
smartphone,2
grabbed,2
customer,2
regularly,2
gifted,2
tagged,2
7,2
happenings,2
tired,2
anothers,2
presented,2
lake,2
collage,2
studied,2
portland,2
theme,2
newborn,2
adopt,2
dates,2
sometime,2
weekends,2
usthat,2
chair,2
ask,2
questions,2
wrestlemania,2
depression,2
written,2
twice,2
gentleman,2
cut,2
garden,2
navigate,2
purchase,2
noticed,2
signed,2
nothing,2
journey,2
anymore,2
miles,2
organizing,2
tough,2
history,2
attained,2
rent,2
decent,2
hope,2
tips,2
unable,2
visits,2
minor,2
expecting,2
likes,2
brand,2
popular,2
stomach,2
putt,2
turned,2
connect,2
stayed,2
george,2
pen,2
opening,2
reason,2
recording,2
rarely,2
vehicle,2
crush,2
check,2
advanced,2
functions,2
england,2
reminded,2
neighbour,2
guns,2
excursion,2
thrilled,2
someones,2
media,2
understand,2
shower,2
prepare,2
native,2
joyful,2
dungeons,2
dragons,2
busy,2
living,2
anyone,2
struck,2
accept,2
activities,2
understood,2
skin,2
young,2
denver,2
normally,2
barbecue,2
seems,2
ireland,2
brownies,2
cars,2
messenger,2
results,2
security,2
hold,2
jobs,2
improvement,2
credit,2
mom,2
hiked,2
fishing,2
trash,2
homeless,2
collect,2
woods,2
poor,2
noted,2
lasted,2
nails,2
eventually,2
normal,2
chili,2
released,2
lonely,2
fix,2
originally,2
professional,2
strongly,2
doubles,2
arrived,2
staff,2
occasion,2
bottle,2
girlfriends,2
lately,2
gold,2
matter,2
issue,2
pray,2
offer,2
lead,2
liz,2
outstanding,2
cell,2
complex,2
ways,2
daughters,2
hello,2
workers,2
stated,2
sharing,2
growing,2
apartments,2
grand,2
acquaintance,2
tape,2
expository,2
sermons,2
recorder,2
prayed,2
gathering,2
visa,2
prayer,2
united,2
passport,2
salad,2
word,2
girls,2
joked,2
gossiping,2
reconnecting,2
receiving,2
older,2
snacks,2
super,2
bars,2
classes,2
messaged,2
split,2
ticket,2
feels,2
yearswe,2
mean,2
seafood,2
reconnect,2
mei,2
furniture,2
hands,2
madison,2
daysi,2
lastly,2
race,2
socialized,2
service,2
police,2
quickly,2
alley,2
tet,2
farm,2
brewery,2
chinese,2
interests,2
staying,2
travel,2
uncle,2
danced,2
wishes,2
loaned,2
stop,2
relaxing,2
throughout,2
confidently,2
bff,2
valued,2
sad,2
tried,2
opened,2
efficiently,2
create,2
player,2
goals,2
national,2
safe,2
hit,2
singles,2
admitted,2
fine,2
lights,2
1st,2
position,2
public,2
heros,2
base,2
escape,2
1800,2
community,2
future,2
clock,2
learned,2
driving,2
masters,2
rain,2
relieved,2
tasted,2
added,2
wonderla,2
hardware,2
twos,2
mario,2
problems,2
amount,2
sure,2
convention,2
boxes,2
alcohol,2
insisted,2
gym,2
100,2
faith,2
videos,2
complete,2
arranged,2
emailed,2
clans,2
thatas,2
clash,2
hill,2
whose,2
boring,2
inform,2
french,2
smoking,2
genuine,2
easily,2
letting,2
minute,2
trips,2
iam,2
leading,2
accidentally,2
shortly,2
prepared,2
sister,2
giving,2
nicely,2
island,2
kart,2
tail,2
packet,1
pods,1
juul,1
itching,1
nc,1
updated,1
romantic,1
curiosity,1
bachelors,1
listeners,1
jar,1
realized,1
pervert,1
creative,1
flirty,1
lunchwe,1
slowly,1
failure,1
slightly,1
mba,1
ripped,1
safari,1
pomeranian,1
gaslight,1
bounds,1
booth,1
elephant,1
version,1
boxing,1
costume,1
attention,1
tablet,1
refreshed,1
fact,1
parker,1
freinds,1
occupied,1
plane,1
timewhile,1
younger,1
factory,1
dc,1
briefly,1
madan,1
recognize,1
spontaneous,1
vehicles,1
shy,1
coasts,1
hills,1
solving,1
cuddled,1
laptop,1
lap,1
stations,1
unknown,1
sports,1
rang,1
parts,1
casually,1
victorian,1
enthusiast,1
crossdress,1
paper,1
wwi,1
owners,1
ben,1
sag,1
ace,1
type,1
rebuild,1
levels,1
host,1
refreshing,1
postman,1
boston,1
gratitude,1
sonic,1
artist,1
collaborating,1
fro,1
answer,1
forum,1
attractive,1
cheesecake,1
wished,1
teasing,1
gifthowever,1
cried,1
straight,1
self,1
companionship,1
shyness,1
mastered,1
recipe,1
tomato,1
fora,1
downtown,1
juiz,1
entertainer,1
archipelago,1
malay,1
sadly,1
lanka,1
sri,1
sydney,1
piece,1
cashstrapped,1
bangladesh,1
avocados,1
cosmopolitan,1
lookmy,1
sealed,1
guacamole,1
award,1
proprietary,1
lasagna,1
nintendo,1
switch,1
happyi,1
saul,1
fabulous,1
episode,1
peppers,1
whipped,1
bows,1
canada,1
banned,1
garments,1
maybe,1
sewn,1
forever,1
ye,1
nandi,1
tall,1
slim,1
ziggya,1
aye,1
cloth,1
myat,1
khine,1
thumbelina,1
sett,1
lett,1
kg,1
skirt,1
ayou,1
traditional,1
cleaning,1
byes,1
knee,1
smell,1
entertains,1
folded,1
sometimes,1
middle,1
volunteered,1
830,1
fabric,1
folding,1
waist,1
lessons,1
worn,1
shape,1
cylindrical,1
sorrowful,1
ripe,1
1000,1
vey,1
developes,1
hed,1
enriches,1
nda,1
jars,1
reaction,1
teamwork,1
speaks,1
strategies,1
unlocking,1
escaping,1
boarding,1
expected,1
accomplished,1
studies,1
keeps,1
bocce,1
additional,1
precious,1
uptown,1
joint,1
huggedit,1
unlock,1
spirituality,1
key,1
psychology,1
thinks,1
treating,1
weird,1
whats,1
jokingly,1
kissed,1
metro,1
whether,1
boardgames,1
ren,1
development,1
faire,1
spended,1
opportunities,1
achieve,1
december,1
minneapolis,1
nephews,1
burger,1
handed,1
marketing,1
mix,1
toured,1
talent,1
owed,1
parted,1
usmany,1
andy,1
nonsport,1
philly,1
major,1
valley,1
silicon,1
neighbourhood,1
civil,1
lifeit,1
initiative,1
sum,1
rider,1
cookout,1
data,1
childrenim,1
kits,1
babysit,1
putting,1
appreciate,1
hierarchy,1
blanket,1
products,1
undergraduate,1
passes,1
science,1
efficient,1
interact,1
emotional,1
mason,1
settled,1
draw,1
choir,1
hugs,1
granted,1
finals,1
chikfila,1
forced,1
spoon,1
rabbit,1
diving,1
scuba,1
golfing,1
friendsit,1
housemates,1
oil,1
mturk,1
beating,1
fraction,1
affordable,1
locate,1
bible,1
acting,1
superb,1
thriller,1
holy,1
saturn,1
jupiter,1
stargazing,1
enter,1
six,1
chiropractor,1
pain,1
carolina,1
encounters,1
north,1
pancakes,1
rewarded,1
walks,1
available,1
publishing,1
loot,1
camping,1
following,1
toast,1
dish,1
chiropractic,1
adjustment,1
alleviated,1
ill,1
memorial,1
considering,1
lower,1
says,1
consider,1
cozumel,1
sticks,1
occurred,1
palm,1
homegrown,1
pedicures,1
gala,1
incident,1
birthdaythat,1
engineering,1
including,1
largescale,1
pull,1
lettuce,1
monthly,1
bibb,1
coaching,1
attack,1
coach,1
introduce,1
robin,1
helper,1
playoffs,1
nba,1
zone,1
stepped,1
finish,1
kyle,1
ensure,1
test,1
risk,1
hereditary,1
illnesses,1
oclock,1
terrorist,1
babu,1
dint,1
shocked,1
greatest,1
aileen,1
bluerose,1
bonding,1
uswe,1
climbed,1
highest,1
tower,1
black,1
apewe,1
humanity,1
coworkersfriends,1
choice,1
renaissance,1
fiances,1
parlor,1
touches,1
finishing,1
dd,1
timeso,1
anime,1
bakery,1
partied,1
pushed,1
injured,1
maine,1
misunderstood,1
shirt,1
compliment,1
semifriends,1
excitement,1
livestreamed,1
supermarket,1
asian,1
stitched,1
nhl,1
front,1
needs,1
among,1
dominos,1
saved,1
lifeso,1
confirmation,1
artisan,1
bangalore,1
dancei,1
presence,1
stories,1
cant,1
wait,1
islands,1
galapagos,1
bottles,1
wildlife,1
pill,1
recycle,1
ahold,1
heavy,1
circle,1
battlefield,1
sleeping,1
ryan,1
meaning,1
arrested,1
boba,1
circus,1
hotelparkcinema,1
interviewed,1
jail,1
friendwe,1
insight,1
applied,1
mistakenly,1
overwatch,1
workmate,1
review,1
invariably,1
groceries,1
forgets,1
socialize,1
cause,1
stopping,1
immensely,1
depressed,1
postal,1
vodka,1
sport,1
athletes,1
reasons,1
unreasonable,1
requested,1
employer,1
thomas,1
hate,1
iced,1
mug,1
allowed,1
please,1
june,1
starts,1
troubles,1
bigger,1
losing,1
ego,1
swore,1
winning,1
awe,1
massage,1
wrap,1
destination,1
baked,1
singer,1
probably,1
hone,1
thanks,1
jolly,1
unhappy,1
stress,1
whos,1
freed,1
gif,1
shined,1
loss,1
expressions,1
colorful,1
becca,1
flirting,1
knowledgeable,1
employee,1
exchange,1
dietary,1
roughly,1
hr,1
feb,1
wwe,1
throw,1
30,1
unplanned,1
1500,1
program,1
solve,1
restrictions,1
wouldnt,1
experiencemy,1
bags,1
behind,1
birthdaylot,1
recived,1
carreer,1
virtual,1
halfway,1
university,1
bahubali,1
argentina,1
digital,1
mc,1
cheese,1
donalds,1
pepperoni,1
decisions,1
sox,1
rehearsal,1
honors,1
man,1
tekken,1
continued,1
workshops,1
perform,1
calgary,1
practice,1
learn,1
combos,1
diablo,1
xbox,1
depressions,1
lengthy,1
doughnut,1
philadelphia,1
sms,1
send,1
78,1
earned,1
mendoza,1
anchovy,1
dislike,1
sight,1
dallas,1
skyscraper,1
tie,1
greece,1
listen,1
interview,1
software,1
kate,1
sincere,1
md,1
ocean,1
july,1
shelter,1
biked,1
bikes,1
library,1
rented,1
junk,1
series,1
marathon,1
museums,1
thus,1
springs,1
riding,1
wilderness,1
retailer,1
lent,1
elevator,1
frequent,1
orleans,1
intern,1
missing,1
tubing,1
practically,1
voleyball,1
supervisor,1
account,1
fridge,1
donated,1
ease,1
perspective,1
amazingly,1
sweets,1
sweetschocolates,1
belgium,1
frequently,1
qualification,1
charity,1
nt,1
belatedly,1
lifestyle,1
donut,1
regiment,1
seasons,1
artistic,1
immense,1
persons,1
influence,1
recommendation,1
tasting,1
pure,1
tonite,1
drunkguys,1
somereally,1
comforting,1
dining,1
features,1
highquality,1
concluded,1
advice,1
beard,1
mary,1
idol,1
toad,1
alma,1
silence,1
radio,1
barbecues,1
album,1
fare,1
reminisce,1
garlic,1
acknowledged,1
thankful,1
snapchatting,1
19,1
fame,1
hall,1
inducted,1
warriors,1
roleplaying,1
xanax,1
tabletop,1
sites,1
beaches,1
3mth,1
synthesizers,1
search,1
hi,1
intended,1
hawaii,1
vishal,1
matters,1
steaks,1
styles,1
momen,1
hisbory,1
mare,1
widespread,1
mewhich,1
parentsthey,1
colleaguesfriends,1
spreads,1
moon,1
peopleas,1
heroes,1
intensifies,1
emotion,1
triptotal,1
list,1
either,1
australia,1
historywe,1
storm,1
brats,1
latest,1
broken,1
exactly,1
bite,1
round,1
tesla,1
phoneso,1
joyfulunlike,1
friendswhich,1
frip,1
limits,1
mjy,1
usi,1
relation,1
lifemy,1
spot,1
miscarriages,1
final,1
bay,1
follow,1
tamales,1
boating,1
egg,1
tahoe,1
alien,1
managers,1
paul,1
vincent,1
volunteering,1
twins,1
secure,1
profession,1
certification,1
forget,1
preorder,1
offroad,1
whatsapp,1
juicy,1
respect,1
cheered,1
detail,1
explain,1
communicate,1
badly,1
mostly,1
contest,1
isnt,1
rate,1
keep,1
busters,1
dave,1
chain,1
newspaper,1
changes,1
nervous,1
fields,1
rodan,1
step,1
childcare,1
need,1
burnouts,1
opinion,1
inflated,1
tire,1
shed,1
gokarting,1
siblings,1
bring,1
topics,1
haha,1
shown,1
morty,1
rick,1
guess,1
dayfrom,1
hoping,1
safer,1
cost,1
website,1
booking,1
50,1
risen,1
prices,1
china,1
cauhgt,1
train,1
shirley,1
warned,1
casino,1
guard,1
distant,1
servings,1
kale,1
wheelers,1
potluck,1
players,1
pro,1
profits,1
lamp,1
sold,1
extended,1
becoming,1
sense,1
bill,1
debt,1
peter,1
cancelled,1
flatmate,1
straw,1
colored,1
neon,1
table,1
layed,1
autocorrect,1
mets,1
army,1
page,1
basically,1
vibe,1
everywhere,1
leaves,1
property,1
disrespects,1
ghetto,1
rest,1
trashcans,1
bringing,1
estranged,1
mallwhere,1
connecting,1
scrabble,1
market,1
meit,1
promotionit,1
accusationthey,1
salary,1
husband,1
subha,1
lease,1
brownie,1
errands,1
afterword,1
sponsored,1
japan,1
tokyo,1
reservation,1
proposing,1
witness,1
spain,1
germany,1
amsterdam,1
birdman,1
film,1
express,1
london,1
messages,1
microwave,1
potato,1
korea,1
walter,1
needy,1
donate,1
orphanage,1
order,1
suggestion,1
peers,1
twitter,1
pair,1
headphones,1
swim,1
significant,1
conditions,1
rode,1
seldom,1
biking,1
elated,1
desperately,1
bangkok,1
pc,1
cali,1
enjoyablesee,1
hook,1
areas,1
kerelaforest,1
friendsvery,1
animal,1
gm,1
sappy,1
attach,1
mouse,1
mickey,1
oh,1
asking,1
report,1
upon,1
shih,1
triggered,1
secluded,1
gotten,1
confirmed,1
ca,1
oncology,1
eyes,1
theyre,1
adorable,1
tzu,1
puppies,1
brown,1
beachits,1
jollythat,1
wild,1
legend,1
copy,1
sandwich,1
scheduled,1
schedule,1
fairly,1
breakup,1
indulgent,1
eggs,1
fond,1
perigourdine,1
rave,1
techno,1
dancing,1
occurrence,1
labor,1
wentworth,1
luke,1
emails,1
assistant,1
glass,1
salade,1
dozen,1
bartender,1
philosophy,1
jared,1
cooperative,1
ps4,1
disk,1
mesh,1
fruit,1
nut,1
gourmet,1
cocain,1
outing,1
cellphone,1
garage,1
worth,1
41,1
retired,1
citizen,1
senior,1
tours,1
forest,1
primary,1
joshua,1
cracking,1
happens,1
vanilla,1
filled,1
nutella,1
employers,1
supportive,1
sustainability,1
balloons,1
conducted,1
invites,1
international,1
amusement,1
josh,1
return,1
hurt,1
potentially,1
fools,1
innumerable,1
unlimited,1
blown,1
adult,1
climate,1
splendid,1
spectacular,1
fireworks,1
professor,1
judy,1
harmless,1
thoughtprovoking,1
strike,1
counter,1
giant,1
ramp,1
crossed,1
scene,1
rolled,1
remembers,1
harm,1
fell,1
kelli,1
teenage,1
truly,1
yelling,1
land,1
encourage,1
comrade,1
skateboard,1
studiesbut,1
materials,1
window,1
stick,1
chap,1
dick,1
weed,1
wed,1
smoked,1
cht,1
pokemon,1
appliance,1
install,1
sheryl,1
bothering,1
daywe,1
airport,1
flaky,1
scored,1
wanting,1
process,1
thai,1
inr,1
50000,1
agency,1
cheque,1
purchasing,1
role,1
critical,1
engaging,1
cleaned,1
peanut,1
costly,1
neither,1
bus,1
mimosas,1
effort,1
complemented,1
topic,1
depth,1
farmhouse,1
ski,1
jet,1
afford,1
surely,1
estate,1
understanding,1
indian,1
mexico,1
cartoon,1
facetime,1
touching,1
neighbouring,1
labour,1
tiger,1
srinithis,1
lovely,1
sisters,1
brothers,1
peoples,1
assemble,1
ward,1
john,1
raj,1
deals,1
gas,1
margaritas,1
relay,1
assignments,1
strategyleg,1
listened,1
yummy,1
longer,1
chitchat,1
toilet,1
beliefs,1
spiritual,1
fruits,1
5k,1
entered,1
championship,1
guitar,1
shouldnt,1
theyare,1
songs,1
daytona,1
diner,1
noodles,1
lilly,1
born,1
laura,1
willing,1
owe,1
associates,1
poker,1
tux,1
broke,1
women,1
shook,1
guest,1
ted,1
sale,1
skype,1
cuddle,1
approached,1
arms,1
knelt,1
lab,1
friendswe,1
degrees,1
60,1
wheeling,1
fooled,1
railroad,1
manual,1
karaoke,1
sing,1
term,1
differences,1
angry,1
strawberry,1
honor,1
unannounced,1
fool,1
jacket,1
competition,1
adapt,1
esports,1
oldest,1
backyard,1
mental,1
holder,1
definitely,1
ordinary,1
amusing,1
incurling,1
ontucking,1
argument,1
waffles,1
uncomfortable,1
chris,1
monkey,1
spider,1
prehensile,1
cons,1
pros,1
blizzards,1
syrup,1
maple,1
overseas,1
lose,1
pong,1
foreigner,1
whole,1
suit,1
replace,1
porch,1
beat,1
longforgotten,1
lifted,1
hundred,1
erect,1
rachael,1
hobby,1
teaching,1
god,1
stronger,1
thankfully,1
swam,1
carnevale,1
northern,1
tub,1
punk,1
productive,1
disliked,1
particularly,1
recipes,1
cook,1
chandra,1
fantastic,1
photoshoot,1
field,1
scholars,1
grad,1
barry,1
cooped,1
soul,1
cupcakes,1
proudly,1
law,1
wind,1
wrote,1
opportunity,1
conversations,1
latewhy,1
sang,1
waiter,1
course,1
main,1
universitywe,1
restaurantthere,1
bicycle,1
laid,1
chill,1
rio,1
disposal,1
selling,1
lol,1
goodness,1
daysit,1
carit,1
fellings,1
burden,1
hired,1
bond,1
none,1
garbage,1
geology,1
installing,1
repairs,1
box,1
jewelry,1
whenver,1
apart,1
ship,1
cruise,1
cronuts,1
donuts,1
profit,1
podcast,1
ny,1
jason,1
particular,1
walked,1
exchanged,1
grade,1
laughable,1
utilize,1
connection,1
sentimental,1
singersongwriter,1
isbell,1
flame,1
imagined,1
friendformer,1
penpal,1
industry,1
biggest,1
loves,1
write,1
projects,1
valentines,1
male,1
ooty,1
bridesmaid,1
contribute,1
mn,1
ideas,1
routine,1
system,1
complicated,1
sign,1
figure,1
smart,1
dumb,1
noodle,1
07,1
consecutive,1
preached,1
instant,1
preach,1
scripture,1
obey,1
pastor,1
friendsits,1
helpful,1
receptionist,1
bracelet,1
turtle,1
dvd,1
impromptu,1
flew,1
drones,1
sending,1
bouquet,1
concern,1
drinksat,1
drugs,1
homework,1
faster,1
accomplish,1
teammate,1
dollars,1
remodeling,1
congratulate,1
fixed,1
coaches,1
brazil,1
hyped,1
cactus,1
nopales,1
aunts,1
doubledate,1
helena,1
ton,1
hosted,1
bittersweet,1
fitness,1
shares,1
acquaintances,1
read,1
difficulties,1
usually,1
majors,1
web,1
youtube,1
rock,1
90s,1
bath,1
puppys,1
teacher,1
mailed,1
condo,1
aforementioned,1
welcome,1
fills,1
commitment,1
participation,1
diseases,1
produce,1
contamination,1
avoid,1
sanitation,1
disability,1
disabled,1
fired,1
pregnancy,1
difficulty,1
missouri,1
kansas,1
court,1
consoled,1
keeping,1
techniques,1
carpentry,1
workshop,1
somebody,1
primus,1
maria,1
credits,1
congrats,1
general,1
info,1
submitted,1
collected,1
occured,1
diabilities,1
trained,1
unit,1
dunkin,1
doggy,1
completing,1
laying,1
volleyball,1
enough,1
offroading,1
sound,1
phones,1
peacefully,1
shore,1
shootfinally,1
gun,1
sandplaying,1
names,1
hillswriting,1
sand,1
frycorn,1
icecreamfish,1
bajjichatkulfi,1
mirchi,1
shouting,1
otherlaughing,1
usteasing,1
lawns,1
hostel,1
couples,1
pickup,1
fifth,1
200000,1
vips,1
fellow,1
rather,1
encouraging,1
soda,1
pizzeria,1
happen,1
luck,1
star,1
hyderabad,1
wonderfully,1
vip,1
scheduling,1
interest,1
friendlove,1
techie,1
mentioned,1
grill,1
wickets,1
speed,1
exited,1
points,1
conflicts,1
official,1
secret,1
rebuilding,1
frame,1
rose,1
decades,1
struggles,1
survivor,1
leukemia,1
inside,1
arranging,1
magician,1
arrangement,1
magic,1
horse,1
workday,1
conceiving,1
struggled,1
ends,1
timing,1
florida,1
sponsor,1
offering,1
messaging,1
incredibly,1
2006,1
bonfire,1
dmv,1
budgeting,1
cyprus,1
closer,1
tigers,1
scaring,1
teases,1
lotall,1
shouted,1
moviemy,1
horror,1
cinemas,1
gang,1
solo,1
costs,1
master,1
dungeon,1
types,1
bestfriend,1
crawl,1
platform,1
craft,1
francis,1
124,1
incurs,1
23rd,1
ufc,1
expenses,1
core,1
awarded,1
shoes,1
cakes,1
picky,1
push,1
1920s,1
1920,1
comrades,1
fade,1
feared,1
friendships,1
multiple,1
point,1
continuously,1
block,1
empty,1
naac,1
funnies,1
formally,1
touched,1
characters,1
reprimanded,1
lazy,1
generous,1
thoughtful,1
mel,1
nineteen,1
inviting,1
jeep,1
gatherings,1
expressed,1
breweries,1
rewarding,1
eye,1
typically,1
initiated,1
weddings,1
nationwide,1
marlins,1
atmosphere,1
subbing,1
continue,1
families,1
reminiscing,1
spare,1
uplifting,1
dear,1
sun,1
nearby,1
animaniacs,1
corgi,1
6s,1
bottom,1
building,1
satisfying,1
nfl,1
godmother,1
beast,1
beauty,1
cancer,1
tow,1
turbulence,1
monday,1
tore,1
crochet,1
weedwacker,1
koi,1
highfive,1
fallon,1
jimmy,1
stressing,1
flying,1
nephew,1
niece,1
tuesday,1
education,1
dangerous,1
iphone,1
teach,1
speaking,1
playoff,1
twenty,1
priceless,1
discovering,1
witnessing,1
weeklong,1
backup,1
advances,1
lounge,1
efforts,1
admirer,1
eso,1
veia,1
meses,1
hacia,1
dias,1
unos,1
hace,1
amiga,1
una,1
vi,1
announce,1
